rsID,CHR,POS,REF,ALT,MAF,P,N,BETA,TRAIT_TYPE,FIRST_AUTHOR
rsKNOWN0001,21,6111184,A,G,0.0117,9.21e-05,3000,-0.1285,binary,Demo A
rsKNOWN0002,21,6111647,C,T,0.005,2.3e-05,3000,-0.6111,binary,Demo B
rsKNOWN0003,21,6112110,A,G,0.0067,9.06e-05,3000,-0.5869,binary,Demo A
rsKNOWN0004,21,6112573,C,T,0.0033,8.34e-05,3000,-0.3105,binary,Demo B
rsKNOWN0005,21,6117668,A,G,0.0533,9.53e-05,3000,0.7115,binary,Demo A
rsKNOWN0006,21,6119058,C,T,0.125,9.2e-05,3000,0.2627,binary,Demo B
rsKNOWN0007,21,6456882,A,G,0.1117,9.81e-05,3000,0.2098,binary,Demo A
rsKNOWN0008,21,6459445,C,T,0.0883,3.78e-05,3000,0.3199,binary,Demo B
rsKNOWN0009,21,6492211,A,G,0.09,3.62e-06,3000,-0.0365,binary,Demo A
rsKNOWN0010,21,6493827,C,T,0.15,8.25e-05,3000,-0.457,binary,Demo B
rsKNOWN0011,22,15690076,A,G,0.005,1.74e-05,3000,-0.5359,binary,Demo A
rsKNOWN0012,22,15691243,C,T,0.0033,8.02e-05,3000,-0.2137,binary,Demo B
rsKNOWN0013,22,15692410,A,G,0.0083,3.63e-05,3000,0.0419,binary,Demo A
rsKNOWN0014,22,15693577,C,T,0.0033,4.08e-05,3000,-0.6094,binary,Demo B
rsKNOWN0015,22,15706412,A,G,0.185,4.57e-05,3000,-0.1155,binary,Demo A
rsKNOWN0016,22,15709912,C,T,0.13,5.25e-05,3000,-0.0164,binary,Demo B
rsKNOWN0017,22,17100891,A,G,0.1233,5.18e-06,3000,0.1347,binary,Demo A
rsKNOWN0018,22,17104296,C,T,0.1167,6.56e-05,3000,0.279,binary,Demo B
rsKNOWN0019,22,17151912,A,G,0.165,6.87e-05,3000,-0.133,binary,Demo A
rsKNOWN0020,22,17154987,C,T,0.1583,5e-05,3000,0.0243,binary,Demo B
