sample_id,outcome,sex,age,subpop
ID0001,1,0,59.5,A
ID0002,0,0,32.6,B
ID0003,0,1,55,A
ID0004,1,1,44.4,B
ID0005,1,1,56.8,A
ID0006,0,1,60.8,B
ID0007,0,1,66,A
ID0008,1,0,39.8,B
ID0009,0,1,31.4,A
ID0010,1,1,44.6,B
ID0011,0,0,76.9,A
ID0012,1,0,50.5,B
ID0013,0,1,32.9,A
ID0014,0,1,61,B
ID0015,1,1,54,A
ID0016,1,1,71.4,B
ID0017,0,0,60.8,A
ID0018,1,1,49.6,B
ID0019,0,1,64.2,A
ID0020,1,0,49,B
ID0021,0,0,56.2,A
ID0022,1,1,51,B
ID0023,1,0,46.2,A
ID0024,1,1,59,B
ID0025,0,1,44.6,A
ID0026,1,1,57.3,B
ID0027,1,0,56.7,A
ID0028,0,1,49.4,B
ID0029,1,1,73.7,A
ID0030,1,1,43.9,B
ID0031,0,1,19.8,A
ID0032,0,1,47.6,B
ID0033,0,1,67.7,A
ID0034,1,0,51.2,B
ID0035,1,0,51.8,A
ID0036,0,0,46.2,B
ID0037,0,1,42,A
ID0038,1,0,58.1,B
ID0039,0,1,46,A
ID0040,0,0,51.5,B
ID0041,1,0,65.8,A
ID0042,0,1,52.2,B
ID0043,1,1,60.2,A
ID0044,1,1,61.4,B
ID0045,0,0,39.8,A
ID0046,1,1,52.5,B
ID0047,0,0,56.2,A
ID0048,1,1,59.5,B
ID0049,0,1,66.6,A
ID0050,1,1,48.6,B
ID0051,0,0,53.6,A
ID0052,1,1,61.4,B
ID0053,0,1,47.5,A
ID0054,0,0,69.8,B
ID0055,1,1,40.9,A
ID0056,1,0,37.5,B
ID0057,0,0,52.8,A
ID0058,0,1,51.7,B
ID0059,1,1,33,A
ID0060,1,0,56.2,B
ID0061,1,1,52.5,A
ID0062,1,0,72,B
ID0063,1,1,57.5,A
ID0064,1,0,71.2,B
ID0065,0,1,62.2,A
ID0066,1,0,65.7,B
ID0067,1,1,51,A
ID0068,0,1,60.7,B
ID0069,1,1,63.1,A
ID0070,1,1,57.4,B
ID0071,0,1,44.7,A
ID0072,0,0,70.1,B
ID0073,0,0,56,A
ID0074,1,0,36.9,B
ID0075,1,0,56.5,A
ID0076,1,1,59.1,B
ID0077,0,1,42.5,A
ID0078,0,0,32.5,B
ID0079,1,1,39.4,A
ID0080,1,0,67.9,B
ID0081,1,1,50.9,A
ID0082,0,1,46.6,B
ID0083,1,0,48.3,A
ID0084,1,0,52,B
ID0085,1,0,58.6,A
ID0086,0,0,58.8,B
ID0087,0,1,48.8,A
ID0088,0,0,33.2,B
ID0089,1,1,45.3,A
ID0090,0,1,69.5,B
ID0091,1,0,62.2,A
ID0092,0,1,52.2,B
ID0093,1,1,52.3,A
ID0094,0,0,47.9,B
ID0095,0,1,57.7,A
ID0096,1,1,61.5,B
ID0097,1,1,56.5,A
ID0098,0,0,61.9,B
ID0099,0,0,58.7,A
ID0100,1,0,67.5,B
ID0101,0,1,64.4,A
ID0102,1,1,60.8,B
ID0103,1,0,69.8,A
ID0104,0,0,52.8,B
ID0105,1,1,68.4,A
ID0106,1,0,54.8,B
ID0107,1,1,46.1,A
ID0108,0,0,52.7,B
ID0109,1,1,56.4,A
ID0110,0,0,60.2,B
ID0111,0,1,65.5,A
ID0112,0,1,49.2,B
ID0113,0,1,65,A
ID0114,1,0,58.3,B
ID0115,0,1,53.8,A
ID0116,1,0,69.8,B
ID0117,0,1,53.2,A
ID0118,0,0,48.9,B
ID0119,0,1,52.3,A
ID0120,1,1,56.4,B
ID0121,1,1,52.4,A
ID0122,1,1,57.5,B
ID0123,1,1,46.3,A
ID0124,0,1,41.7,B
ID0125,0,1,61.3,A
ID0126,0,1,59.8,B
ID0127,0,0,68,A
ID0128,0,0,62.1,B
ID0129,1,1,58.4,A
ID0130,1,0,42.1,B
ID0131,0,0,41.3,A
ID0132,1,1,42.4,B
ID0133,0,1,58.3,A
ID0134,1,1,50.3,B
ID0135,1,1,63.4,A
ID0136,0,0,53.3,B
ID0137,0,1,63.4,A
ID0138,0,0,65.9,B
ID0139,0,1,67.1,A
ID0140,0,0,61.2,B
ID0141,1,1,51.4,A
ID0142,0,1,27.5,B
ID0143,0,1,53.7,A
ID0144,0,1,44.7,B
ID0145,1,1,48.6,A
ID0146,1,0,39.2,B
ID0147,1,0,55.2,A
ID0148,1,0,49.3,B
ID0149,1,1,66,A
ID0150,1,0,40.5,B
ID0151,0,1,46.4,A
ID0152,0,1,68.4,B
ID0153,1,0,60.8,A
ID0154,1,0,58.1,B
ID0155,1,0,52,A
ID0156,0,0,61.1,B
ID0157,1,1,58.6,A
ID0158,0,1,58.7,B
ID0159,1,0,70.1,A
ID0160,0,1,57.6,B
ID0161,0,1,55.1,A
ID0162,1,1,52.2,B
ID0163,0,1,42.8,A
ID0164,1,0,57.3,B
ID0165,1,0,52.5,A
ID0166,0,0,58.9,B
ID0167,0,0,69,A
ID0168,1,0,61.7,B
ID0169,1,1,65.2,A
ID0170,1,0,52.3,B
ID0171,1,0,48.4,A
ID0172,1,0,52,B
ID0173,0,0,60.6,A
ID0174,1,0,57.3,B
ID0175,1,0,65.7,A
ID0176,0,0,73.8,B
ID0177,0,1,58.4,A
ID0178,0,1,52.2,B
ID0179,0,0,46.4,A
ID0180,1,1,64.6,B
ID0181,0,0,43.3,A
ID0182,0,0,69.2,B
ID0183,1,1,73.4,A
ID0184,1,1,77.1,B
ID0185,1,0,66.8,A
ID0186,0,1,59.6,B
ID0187,0,0,55.7,A
ID0188,0,1,67.3,B
ID0189,1,1,76,A
ID0190,0,1,49.9,B
ID0191,0,1,49.5,A
ID0192,0,1,63.2,B
ID0193,0,0,56.1,A
ID0194,0,0,40.6,B
ID0195,1,0,63.8,A
ID0196,1,1,31.7,B
ID0197,0,0,39.9,A
ID0198,0,0,70.8,B
ID0199,0,1,54.2,A
ID0200,0,1,71.2,B
ID0201,0,0,61.5,A
ID0202,0,0,66.7,B
ID0203,1,0,49.7,A
ID0204,1,0,77.9,B
ID0205,0,1,48.4,A
ID0206,1,1,60.5,B
ID0207,0,0,48.2,A
ID0208,1,1,61.9,B
ID0209,0,1,49,A
ID0210,0,1,58.4,B
ID0211,0,1,55.5,A
ID0212,1,0,52.4,B
ID0213,0,0,50.4,A
ID0214,1,0,37.2,B
ID0215,1,0,49.6,A
ID0216,0,1,45.9,B
ID0217,0,1,53.8,A
ID0218,0,0,52.1,B
ID0219,0,1,59.6,A
ID0220,1,1,54,B
ID0221,1,0,36.3,A
ID0222,1,0,61.9,B
ID0223,0,0,64.7,A
ID0224,0,1,58.4,B
ID0225,0,0,54.5,A
ID0226,1,0,53.9,B
ID0227,0,1,60.1,A
ID0228,0,1,74.5,B
ID0229,0,1,53.5,A
ID0230,0,1,62.8,B
ID0231,0,1,71,A
ID0232,1,1,52.9,B
ID0233,0,1,55.1,A
ID0234,1,1,58.1,B
ID0235,1,0,41.6,A
ID0236,1,1,27,B
ID0237,0,0,69.6,A
ID0238,1,1,62,B
ID0239,1,1,49.3,A
ID0240,0,0,75.8,B
ID0241,1,0,59.8,A
ID0242,0,0,63.7,B
ID0243,1,1,65.4,A
ID0244,1,1,64.3,B
ID0245,1,1,63.7,A
ID0246,1,0,51,B
ID0247,0,0,56.2,A
ID0248,0,1,54.8,B
ID0249,0,0,60.1,A
ID0250,0,0,29.7,B
ID0251,1,1,37.3,A
ID0252,0,1,46.4,B
ID0253,1,1,57.8,A
ID0254,0,0,63.7,B
ID0255,0,0,53,A
ID0256,1,0,50.1,B
ID0257,0,0,60.2,A
ID0258,1,1,59.3,B
ID0259,0,1,58.3,A
ID0260,0,0,48.2,B
ID0261,0,0,52,A
ID0262,0,1,66.1,B
ID0263,0,1,49.7,A
ID0264,1,1,55.8,B
ID0265,0,0,60.5,A
ID0266,0,0,60.3,B
ID0267,1,0,53.4,A
ID0268,1,0,64.7,B
ID0269,1,1,53.2,A
ID0270,0,0,61.8,B
ID0271,1,0,55.5,A
ID0272,1,1,26.3,B
ID0273,1,0,58.4,A
ID0274,1,1,59.8,B
ID0275,1,0,56.7,A
ID0276,1,0,46.4,B
ID0277,1,0,61.8,A
ID0278,1,1,60,B
ID0279,1,0,55,A
ID0280,1,0,63.7,B
ID0281,1,1,72.1,A
ID0282,1,1,58.3,B
ID0283,1,1,50.7,A
ID0284,0,0,73.6,B
ID0285,0,1,64.1,A
ID0286,1,0,68.3,B
ID0287,0,1,58.3,A
ID0288,0,0,59.5,B
ID0289,1,0,70.4,A
ID0290,0,1,43.3,B
ID0291,0,0,56.9,A
ID0292,1,0,47.7,B
ID0293,1,1,50,A
ID0294,1,1,64.4,B
ID0295,0,1,52.2,A
ID0296,1,0,63.8,B
ID0297,0,1,38.8,A
ID0298,1,0,56.5,B
ID0299,1,0,55.1,A
ID0300,0,1,71.1,B
