variant_vcf,chromosome,position,ref_vcf,alt_vcf,apc_conservation_v2,apc_epigenetics,apc_epigenetics_active,apc_epigenetics_repressed,apc_epigenetics_transcription,apc_protein_function_v3,apc_local_nucleotide_diversity_v3,apc_mutation_density,apc_transcription_factor,apc_mappability,apc_proximity_to_tsstes,apc_proximity_to_coding_v2,apc_micro_rna,cadd_phred,linsight,fathmm_xf,genecode_comprehensive_category,genecode_comprehensive_exonic_category,metasvm_pred,rsid
21-5921669-A-G,21,5921669,A,G,44.0098583349027,23.8574710092507,24.2609095061198,46.7477248515934,9.29340138100088,41.3057892583311,1.8238352611661,18.0441353120841,8.69254156714305,28.0296551878564,39.6239283494651,43.5847452026792,46.5760052786209,18.1562105659395,0.105408260598779,0.23405453725718,intergenic,"","",rs21000113
21-5932204-C-T,21,5932204,C,T,7.53041356801987,45.4628492007032,44.6520785219036,19.8775158380158,19.6085463627242,11.5899215452373,20.4601309960708,40.4965854133479,3.38029727572575,5.20645414944738,10.4461982031353,30.770741251763,23.5343392123468,9.06429576687515,0.790730682434514,0.74464467773214,intergenic,"","",rs21000114
21-5942740-A-G,21,5942740,A,G,15.9635539515875,48.7224588170648,39.0349645866081,7.24910259013996,37.7849197830074,36.091764527373,6.4716637483798,1.74506827024743,44.1209703800268,46.1870376951993,32.7702572802082,24.284057773184,48.3617856283672,23.7105522677302,0.552673514233902,0.269616480218247,intergenic,"","",rs21000115
21-5953275-C-T,21,5953275,C,T,38.0571148591116,21.1768898880109,41.3477073656395,43.9762071124278,39.3277029506862,19.1522174049169,34.5461600227281,31.8512102239765,44.0924864611588,23.0098989093676,30.101531650871,27.7974100201391,46.1545361322351,4.87708944827318,0.313186621759087,0.543364694109187,intergenic,"","",rs21000116
21-5963810-A-G,21,5963810,A,G,43.061457935255,15.9844001405872,5.5913777789101,24.1643444052897,33.6977635975927,31.3577710068785,40.6289408681914,34.1949857771397,9.21155527466908,40.2071285177954,46.0211992729455,28.5249035572633,0.225956691429019,30.1365419570357,0.385854287771508,0.890956937568262,intergenic,"","",rs21000117
21-5974345-C-T,21,5974345,C,T,24.7176225180738,12.8999206237495,3.08076491346583,39.208924677223,45.9137712605298,35.0278091616929,46.5568998130038,38.2565932581201,46.1539878742769,17.6998567185365,21.214199915994,48.3106492087245,44.5712792803533,31.2967722862959,0.148708819411695,0.18956933892332,intergenic,"","",rs21000118
21-5984881-A-G,21,5984881,A,G,0.357410253491253,17.442300869152,26.9768925500102,49.3140367558226,35.6076091062278,30.3715544636361,30.5053492076695,19.605758797843,1.35670132003725,46.0778046865016,5.97893099766225,42.3879470326938,44.8546513915062,16.1814434267581,0.76062565902248,0.507870311615989,intergenic,"","",rs21000119
21-5995416-C-T,21,5995416,C,T,42.5105992588215,33.1782369525172,42.1345503302291,32.3400964960456,25.4900713334791,15.0418341043405,1.13663238007575,18.4290639124811,42.5902545452118,45.313709648326,32.497696147766,29.966123320628,12.4212956405245,19.9283071607351,0.901069564279169,0.275806446326897,intergenic,"","",rs21000120
21-6005951-A-G,21,6005951,A,G,26.7588645569049,37.5650550820865,46.3499178527854,15.2838492998853,29.3086549150758,49.8049076879397,35.9731990844011,6.45272377878428,9.68386249151081,48.4770440030843,27.8322444413789,6.39206690248102,37.6124358270317,6.68012562207878,0.855831685476005,0.626542703481391,intergenic,"","",rs21000121
21-6016486-C-T,21,6016486,C,T,28.2679449534044,10.4392304085195,12.654232128989,12.9983082646504,42.1376598998904,24.3374591576867,19.4437264814042,17.3177951015532,13.1547369877808,18.8558806665242,28.8438314106315,18.3708930388093,37.6925465301611,2.52534537576139,0.713878662325442,0.536968133877963,intergenic,"","",rs21000122
21-6027022-A-G,21,6027022,A,G,39.648288115859,23.8936310983263,16.7440330958925,30.6654718820937,47.6402696338482,16.3337702630088,17.022278578952,44.0773791633546,34.6024848637171,42.655265587382,46.3758122525178,15.6737016281113,48.667034204118,6.61892921663821,0.703913558041677,0.538508841302246,intergenic,"","",rs21000123
21-6037557-C-T,21,6037557,C,T,14.6292803809047,48.2420187792741,12.813876545988,24.0129475248978,10.5844569159672,45.8182425121777,25.1581937889569,28.6626868532039,20.6061086035334,38.0708311800845,12.0485180057585,42.7156722871587,38.0099288769998,19.9544622469693,0.788807340664789,0.0717858958523721,intergenic,"","",rs21000124
21-6048092-A-G,21,6048092,A,G,15.9921077662148,49.7795672505163,32.2789179277606,40.3018040582538,34.1354902018793,10.0967793376185,8.92325681634247,29.3257743469439,17.1130665577948,47.4776530638337,26.1781520326622,49.2663472308777,14.880225691013,31.1659777630121,0.90228797821328,0.963804489001632,intergenic,"","",rs21000125
21-6058627-C-T,21,6058627,C,T,48.7831685692072,48.3080893172883,40.647390531376,21.9542221515439,33.7520046508871,21.0102577926591,4.05933690490201,47.9297885205597,15.9864436020143,44.7811524616554,28.3720081555657,24.0962637355551,39.7331535350531,34.0819577034563,0.581358525436372,0.259891417110339,intergenic,"","",rs21000126
21-6069163-A-G,21,6069163,A,G,49.1905078291893,22.4671897944063,15.2052461402491,30.9716831077822,49.128985311836,48.166344978381,4.9780600820668,19.1271845134906,6.70393409673125,36.0248599317856,16.757466213312,0.00945081701502204,24.3134102085605,11.7694279458374,0.595494341105223,0.397873581619933,intergenic,"","",rs21000127
21-6079698-C-T,21,6079698,C,T,38.9071532874368,31.42578760162,46.5192901901901,33.5937777766958,5.11922560399398,14.086283009965,3.89140777988359,29.1296835872345,30.8819927740842,40.4990666196682,27.9639173881151,2.64043395873159,11.99834785657,21.1983097158372,0.859480565413833,0.198286762228236,intergenic,"","",rs21000128
21-6090233-A-G,21,6090233,A,G,47.6587361306883,49.3132350267842,17.3656422877684,17.3013044171967,23.292476858478,19.8581968666986,45.1885316404514,35.9366958029568,16.8491660617292,20.8411387284286,37.9094605566934,22.77857552981,26.7260219552554,8.20207518525422,0.0237951108720154,0.756561562884599,intergenic,"","",rs21000129
21-6100768-C-T,21,6100768,C,T,25.589952908922,49.5629853568971,15.4335548751988,17.5120885949582,19.9638075544499,13.4273375035264,47.4510546657257,1.62273154128343,20.5785025958903,40.305394527968,16.5785993332975,19.7485896875151,6.44566339906305,26.8168924562633,0.342579301213846,0.127198562724516,intergenic,"","",rs21000130
21-6111184-A-G,21,6111184,A,G,7.34255976276472,20.0025926576927,30.9952353360131,41.208589123562,2.93852628674358,4.28850227035582,0.31594168394804,8.08326356345788,40.4038797714748,21.4066893327981,9.7134766401723,37.6350048347376,39.9489773786627,13.3985632378608,0.121872219722718,0.148731836350635,exonic,stopgain,"",rs21000001
21-6111647-C-T,21,6111647,C,T,10.3483715211041,38.4839019039646,31.6213231999427,42.4200289999135,35.0565242231824,40.9125674632378,5.54604014614597,8.65125866839662,21.7380659771152,18.4469461091794,1.5247318893671,39.0156034496613,7.84353904891759,36.015123706311,0.102193436352536,0.496736398432404,exonic,stopgain,"",rs21000002
21-6112110-A-G,21,6112110,A,G,8.16446606768295,15.5828272690997,29.7147472389042,6.56731682829559,15.7442580792122,45.2174421283417,11.9941715965979,46.2466809083708,34.0459953295067,11.6391288931482,13.1137028569356,38.5605289367959,29.3708338169381,21.1268933024257,0.226728913374245,0.968578709755093,exonic,stoploss,"",rs21000003
21-6112573-C-T,21,6112573,C,T,31.8694083136506,41.5165507351048,46.0097834467888,6.95247645489872,14.165037649218,36.7783015710302,35.2179156499915,36.116686812602,12.4574549263343,9.62004922330379,38.3652052958496,6.42148421611637,15.491241007112,35.0943821389228,0.210599409881979,0.830897197593004,splicing,"","",rs21000004
21-6113037-A-G,21,6113037,A,G,22.342007374391,2.55627782316878,11.8513693218119,43.6967659508809,46.710559038911,8.72280510375276,46.6691408655606,46.966668497771,40.4722160543315,17.2200545552187,7.34598598210141,18.377523869276,39.7582432837226,12.1113947592676,0.181736490456387,0.116783476434648,splicing,"","",rs21000005
21-6113500-C-T,21,6113500,C,T,13.2878893986344,15.6763611244969,26.8985776230693,36.2271768390201,25.881282100454,18.1221339269541,33.2156277494505,8.31840572645888,0.0415784306824207,38.9899411122315,35.046072374098,34.6635847701691,8.21163246873766,15.0751345790923,0.639075976796448,0.380013337126002,exonic,nonsynonymous SNV,D,rs21000006
21-6113963-A-G,21,6113963,A,G,28.835955588147,7.60244486154988,18.024842615705,29.127525142394,38.5911969933659,43.0376706295647,15.6423639506102,44.1449123434722,14.390367444139,45.058286038693,7.34836398623884,46.0169129306451,13.9060380985029,23.4430672880262,0.560992142884061,0.776026944397017,exonic,nonsynonymous SNV,D,rs21000007
21-6114426-C-T,21,6114426,C,T,4.35385199962184,9.76108106551692,9.04930951073766,3.53164911502972,3.91093977959827,26.0274901520461,36.8889543344267,32.4353103991598,43.5948936035857,6.77765340078622,17.2768571879715,1.86442595440894,31.5336777712218,16.2717565987259,0.727243217406794,0.0042211611289531,exonic,nonsynonymous SNV,D,rs21000008
21-6114889-A-G,21,6114889,A,G,44.5616580778733,49.8546767514199,37.616157787852,37.3290684772655,0.0934627605602145,49.5804291218519,49.3607442709617,4.59701674990356,10.9285167767666,11.1236959462985,47.7559566497803,42.5208276254125,12.2839678311721,20.7408772688359,0.894340166822076,0.946498342091218,exonic,nonsynonymous SNV,D,rs21000009
21-6115352-C-T,21,6115352,C,T,49.2695995140821,16.0605583456345,8.82001160643995,37.5213611987419,6.79586780024692,21.2154517066665,9.86248041735962,28.8283733068965,7.96087378403172,2.83745534252375,33.5056405281648,23.3893920551054,15.6973217264749,32.1362329088151,0.98063904279843,0.92930281185545,exonic,nonsynonymous SNV,D,rs21000010
21-6115815-A-G,21,6115815,A,G,25.37630564766,37.1087059495039,26.2448745546863,2.12144983233884,3.2007951871492,44.28253978258,43.4349078335799,1.31818209774792,30.4542759782635,10.4953646892682,22.0528752543032,13.8092495384626,46.1001724586822,16.4474184531719,0.762683302164078,0.612521673087031,exonic,nonsynonymous SNV,T,rs21000011
21-6116279-C-T,21,6116279,C,T,21.5269362321123,45.0011834735051,46.0823763045482,15.2311305748299,46.7745791655034,33.969602570869,36.3707215990871,21.0533907986246,0.317817786708474,36.2483344739303,12.976354197599,8.25237326789647,28.175678383559,27.1471100952476,0.496095902519301,0.287131922319531,exonic,nonsynonymous SNV,T,rs21000012
21-6116742-A-G,21,6116742,A,G,13.783344568219,35.9465930843726,20.0380938709714,4.89177088020369,16.5887985029258,1.46251210244372,6.15875694202259,44.0183090511709,45.155003585387,26.4858505688608,44.0379022038542,16.19822132634,32.4384786537848,0.514875547960401,0.0690102183725685,0.739493014058098,exonic,nonsynonymous SNV,T,rs21000013
21-6117205-C-T,21,6117205,C,T,33.5496997460723,19.3217815365642,35.5326048913412,30.9648306225427,15.37788574351,3.48313163267449,21.2228303425945,25.8944646338932,15.277645480819,13.9777138014324,46.2326370878145,46.104550990276,39.2821658984758,23.0857438035309,0.995898589724675,0.0381786827929318,exonic,nonsynonymous SNV,T,rs21000014
21-6117668-A-G,21,6117668,A,G,6.25816234387457,24.5502335834317,26.7421453376301,29.3843454797752,6.8529668613337,19.2668216768652,45.8594594965689,10.7415842823684,9.60946592967957,4.43436779314652,30.9568411088549,3.05404935497791,32.8189428662881,8.46170909702778,0.475910543929786,0.818116778740659,exonic,synonymous SNV,"",rs21000015
21-6118131-C-T,21,6118131,C,T,7.01965929474682,24.371794750914,49.1242438321933,15.5104951933026,33.2639767904766,42.476583388634,33.1088539096527,24.1020558052696,7.70180913386867,10.6673550326377,20.9622136550024,44.9037081561983,13.2275412091985,26.7364184837788,0.397332181455568,0.150405891938135,exonic,synonymous SNV,"",rs21000016
21-6118594-A-G,21,6118594,A,G,12.8289546235465,27.687885670457,32.6463139965199,7.02586999395862,27.1226391661912,28.3647073432803,46.2816366227344,31.1017572181299,31.9223395548761,12.8019409487024,25.7173865567893,37.6392222591676,22.8404855588451,19.8138000629842,0.707612899364904,0.961517597083002,exonic,synonymous SNV,"",rs21000017
21-6119058-C-T,21,6119058,C,T,0.792380631901324,11.9990868726745,30.1004949957132,3.08041047537699,18.3436779887415,10.7538852375001,41.5061439853162,40.0358785525896,30.9611523174681,43.2599212508649,28.1734921736643,23.2596301124431,43.6683938256465,14.9948158301413,0.0587527914904058,0.735114987706766,exonic,synonymous SNV,"",rs21000018
21-6119521-A-G,21,6119521,A,G,22.1314698923379,28.6185393342748,38.0692392587662,42.3183348961175,29.5185768278316,1.20379060972482,23.2936498592608,10.5150710558519,46.6940984944813,32.0030498784035,0.722600147128105,39.3155121128075,29.1001891950145,8.60780933871865,0.413419781951234,0.514687192160636,exonic,synonymous SNV,"",rs21000019
21-6119984-C-T,21,6119984,C,T,48.0769555084407,21.9878224888816,40.6239930191077,4.72334019141272,9.41707849269733,18.6397918267176,34.4266285654157,3.55222458019853,17.3379585728981,33.8263812824152,12.5795256346464,16.8686497141607,37.0574894710444,9.17162243276834,0.725706736091524,0.813900788314641,exonic,synonymous SNV,"",rs21000020
21-6120447-A-G,21,6120447,A,G,22.1061270101927,17.2349540982395,46.6939971665852,21.8184112105519,13.6556589743122,24.1004182957113,12.154331675265,28.4241900080815,15.8332778839394,31.501536956057,0.953351042699069,14.5879496703856,18.2080074911937,13.2959277369082,0.35220710397698,0.232466473942623,intronic,"","",rs21000021
21-6120910-C-T,21,6120910,C,T,37.1231442666613,47.1119818743318,1.61578224506229,25.9557921555825,48.4036315581761,23.1020906358026,24.2131109465845,22.6536720292643,33.9188453624956,18.6930227908306,36.4147377084009,36.6038714302704,4.44130963878706,11.7765216249973,0.851021906826645,0.791996492771432,intronic,"","",rs21000022
21-6121373-A-G,21,6121373,A,G,34.3281237059273,1.44534503342584,45.7062241155654,15.1346115046181,16.7023337678984,49.090270337183,22.4813656881452,6.04358012787998,3.05940172402188,5.82221214426681,21.9701069407165,18.350650370121,0.321327743586153,39.6704651601613,0.653304042527452,0.761991700157523,intronic,"","",rs21000023
21-6121836-C-T,21,6121836,C,T,32.1264583850279,26.6955595230684,12.5948188942857,38.274495548103,22.7030901471153,24.4686764781363,37.7184720942751,28.3176366123371,4.87101707840338,25.5581797100604,8.39190642582253,10.0773236248642,21.8806935707107,16.30929607898,0.514535704161972,0.38463858095929,intronic,"","",rs21000024
21-6122300-A-G,21,6122300,A,G,0.56081444490701,34.1266133473255,0.406204012688249,41.3713297224604,39.7145709954202,17.1862325980328,45.9333923528902,33.4072589990683,0.468809437006712,18.23317152448,3.45504758879542,41.5075598284602,10.1329276803881,10.2593031805009,0.982967144344002,0.409464545780793,intronic,"","",rs21000025
21-6122763-C-T,21,6122763,C,T,30.7657328550704,39.9363358970732,14.8184672696516,31.2106331926771,22.9242546134628,8.22742786258459,40.5251369462349,48.0448766495101,0.63221073942259,8.88381078839302,12.4319492839277,5.77337680151686,41.9784805853851,4.78596032597125,0.700085705146194,0.935229489114136,upstream,"","",rs21000026
21-6123226-A-G,21,6123226,A,G,8.2841485273093,44.2322899005376,34.3592127552256,2.51824948936701,41.9157134718262,37.5799116911367,49.1020422778092,9.84017115551978,43.170871573966,29.6942931367084,9.90897330921143,45.7450516871177,14.9676492088474,34.4765161629766,0.120982362423092,0.785815026145428,upstream,"","",rs21000027
21-6123689-C-T,21,6123689,C,T,7.35519179143012,22.4086800008081,3.66835956228897,5.26404392439872,32.185631163884,19.5365480380133,14.5682814181782,15.5997280962765,0.590207218192518,37.509137368761,2.29747300036252,24.3036879808642,47.3105088924058,4.82927364297211,0.81677349563688,0.215211369097233,upstream,"","",rs21000028
21-6132374-A-G,21,6132374,A,G,22.1835606149398,29.695354483556,23.4226456144825,43.9507211791351,48.3072256902233,10.5195746989921,2.25247804773971,39.2922138678841,10.5917687527835,23.7643319414929,35.3741287486628,41.210122150369,24.2508600582369,10.1584609691054,0.559733210830018,0.23807294969447,intergenic,"","",rs21000131
21-6142909-C-T,21,6142909,C,T,20.0770028401166,25.6201181327924,26.9391427980736,39.174545079004,11.353451362811,34.8676949972287,17.3202404170297,34.5970244146884,27.9970743693411,26.1060660588555,21.8849844299257,23.2366313342936,5.11450627818704,19.3418027460575,0.516716028563678,0.869253086391836,intergenic,"","",rs21000132
21-6153445-A-G,21,6153445,A,G,30.2762950654142,39.8659764323384,37.6092306221835,31.5211137523875,24.1227436927147,48.8959833863191,18.5013426817022,1.90169482957572,43.9841670566238,40.5201236600988,48.6166158458218,5.9357748599723,24.1292642313056,26.7585202027112,0.670425217133015,0.367575827753171,intergenic,"","",rs21000133
21-6163980-C-T,21,6163980,C,T,18.2371060014702,12.1993649634533,25.0273671699688,17.3126596608199,13.0089407670312,42.8425781894475,29.496606788598,42.0347323059104,25.9289591573179,40.7878223108128,42.1946415212005,29.2136637028307,21.3319017901085,10.1298479177058,0.962479246081784,0.466837737010792,intergenic,"","",rs21000134
21-6174515-A-G,21,6174515,A,G,16.1569362971932,15.4509292333387,35.5323460767977,29.8190293600783,34.338289196603,32.9474947182462,29.1149946046062,0.0805511954240501,47.3398593254387,14.989135984797,42.9987951298244,17.563804530073,15.9453431377187,19.5194894261658,0.987018124898896,0.716883381130174,intergenic,"","",rs21000135
21-6185050-C-T,21,6185050,C,T,22.5261972635053,10.5850448599085,29.5377797912806,34.9177217576653,35.9075911110267,48.4412401565351,4.06084260903299,2.51895596738905,31.0187791357748,2.32214510906488,0.463744823355228,25.0728002865799,23.8760329433717,32.2095709759742,0.226413207361475,0.481875252677128,intergenic,"","",rs21000136
21-6195586-A-G,21,6195586,A,G,23.8498755614273,31.8050853791647,30.4301470983773,16.7815640219487,21.8097895034589,41.425523662474,41.1102755111642,13.3631511940621,12.269391794689,9.53710516914725,18.1088275858201,42.3563969321549,5.12428458314389,12.5069935899228,0.854395695962012,0.747407213086262,intergenic,"","",rs21000137
21-6206121-C-T,21,6206121,C,T,35.7490276568569,49.8663821490482,47.2978646168485,49.7796582407318,8.24495260603726,34.378048311919,48.8377202302218,0.579677440691739,32.1795941679738,2.60768032167107,49.0203212131746,2.38967647310346,11.7505033849739,31.6244110371918,0.534345438703895,0.673188399057835,intergenic,"","",rs21000138
21-6216656-A-G,21,6216656,A,G,8.61545708030462,41.9923608773388,20.7778466283344,35.5890836683102,6.63638272089884,35.267627669964,9.76011011516675,16.2309117964469,8.97144735790789,2.41378432838246,36.2945853266865,5.44107600580901,38.0728130927309,7.5091052800417,0.01693085138686,0.445694833761081,intergenic,"","",rs21000139
21-6227191-C-T,21,6227191,C,T,21.8183623044752,2.06315267132595,31.4395667752251,10.7301937183365,7.69550419645384,7.95463278191164,48.4743613749743,3.93193780910224,36.3911218126304,17.7794387913309,4.80493670329452,49.1744251572527,0.304133852478117,36.9264010712504,0.921953744953498,0.422512421151623,intergenic,"","",rs21000140
21-6237727-A-G,21,6237727,A,G,17.5023248419166,29.3625094462186,28.2777589629404,3.57673028483987,31.8180743721314,32.3637161171064,26.8402445362881,39.8888261872344,5.98595036426559,9.44868442602456,9.9613847094588,13.2897944538854,9.76473742630333,3.37217254564166,0.841556433821097,0.0982891025487334,intergenic,"","",rs21000141
21-6248262-C-T,21,6248262,C,T,13.5054699727334,38.8362321769819,46.5204592677765,38.1899036699906,5.30978795140982,46.0372375906445,6.54724637279287,42.933392256964,18.2953242678195,45.2239148435183,34.039135731291,34.0064773568884,41.1070486414246,33.134969510138,0.40247007785365,0.156680449610576,intergenic,"","",rs21000142
21-6258797-A-G,21,6258797,A,G,31.3480897224508,16.8582686339505,6.52760353405029,7.31626115739346,5.97484123427421,11.8450171430595,26.7128868727013,30.5907305679284,20.7790216314606,31.9751744507812,19.6296654758044,40.6393866986036,5.24675680790097,10.1254004146904,0.728852956788614,0.195248236414045,intergenic,"","",rs21000143
21-6269332-C-T,21,6269332,C,T,20.8140853210352,24.9044620781206,1.34805198758841,1.88250676728785,24.7892967890948,23.0003677192144,9.2017135117203,37.1771013597026,15.9972561057657,38.3978600148112,0.446212221868336,6.2262378865853,18.7851242139004,2.15848128311336,0.785975199891254,0.574932866729796,intergenic,"","",rs21000144
21-6279868-A-G,21,6279868,A,G,28.831106540747,8.97988170618191,11.1177300685085,12.0991701376624,10.7172191725113,16.5474539506249,7.55763733759522,25.3457418293692,34.5180886564776,23.6169300740585,26.3577072881162,4.33497637277469,38.2034787558951,0.576311955228448,0.77983896038495,0.465681100729853,intergenic,"","",rs21000145
21-6290403-C-T,21,6290403,C,T,47.6413213531487,15.0610610260628,14.7781847976148,48.4523712191731,31.8900164566003,6.11491646850482,49.1072662756778,19.4807530730031,10.7830001390539,39.6708970656619,4.60607410641387,37.5850679818541,40.1266730972566,9.0123198274523,0.843466292135418,0.221039251657203,intergenic,"","",rs21000146
21-6300938-A-G,21,6300938,A,G,7.92140420526266,40.9980141674168,0.456267478875816,49.5741182356142,0.754797970876098,6.55920067802072,8.95377276465297,43.9571980852634,26.5826527611353,42.4876471166499,17.5746466615237,8.6037631961517,4.49466393329203,21.1959504242986,0.653636054834351,0.972864839248359,intergenic,"","",rs21000147
21-6311473-C-T,21,6311473,C,T,40.6465502455831,46.6501014423557,39.944876881782,29.9372855108231,12.8105373587459,45.1097600511275,20.873606717214,29.4451586320065,46.5974392020144,5.90090116020292,32.9918527044356,0.345664832275361,22.6268892060034,19.8048350960016,0.0704814032651484,0.0466711565386504,intergenic,"","",rs21000148
21-6322009-A-G,21,6322009,A,G,48.8232692703605,1.63684923900291,34.8452307400294,13.7822766788304,19.0582845825702,44.508233293891,0.453221378847957,29.0525172604248,20.3360984567553,46.5166839072481,30.0441270926967,13.5644855094142,43.4397524106316,0.817911699414253,0.677181423408911,0.132350228959695,intergenic,"","",rs21000149
21-6332544-C-T,21,6332544,C,T,0.610072317067534,19.982207485009,17.7360962261446,37.0885484851897,35.8943653176539,4.1477307328023,34.8779660300352,4.01144160423428,11.1900148331188,42.0734887942672,30.4157443693839,36.7327006999403,3.95245546242222,23.4290571697056,0.102135073626414,0.845084886299446,intergenic,"","",rs21000150
21-6343079-A-G,21,6343079,A,G,9.80640246998519,8.22072991868481,35.3008449776098,38.7230019201525,33.1186776398681,26.6072983271442,23.7451565568335,23.4154406120069,3.98026559269056,14.234574593138,4.51213925844058,26.1429885751568,7.06740128807724,15.8073438517749,0.652273997897282,0.940500398399308,intergenic,"","",rs21000151
21-6353614-C-T,21,6353614,C,T,6.20320554589853,21.4086752384901,30.049129226245,38.0156682920642,41.5154060116038,47.8868054109626,23.0055295978673,0.505394279025495,30.5952615104616,39.6440809592605,28.1311082304455,46.5282936347649,19.4215363473631,14.4342604000121,0.204173980047926,0.0643067138735205,intergenic,"","",rs21000152
21-6364150-A-G,21,6364150,A,G,30.0024017808028,45.0226728455164,44.5999947376549,42.3466743552126,40.0843907496892,18.8080678577535,47.9173124418594,21.9379814574495,37.9327284172177,39.2777620931156,35.7465448440053,41.2331571802497,29.6107185073197,7.54955097101629,0.404162381775677,0.65198560198769,intergenic,"","",rs21000153
21-6374685-C-T,21,6374685,C,T,17.2776755993254,34.055111464113,26.9996366696432,46.049074747134,32.4196349480189,40.7114794710651,40.6426669680513,40.4958003200591,19.7685062303208,23.7050509429537,37.5953610171564,24.2998453089967,14.573328755796,26.9485923927277,0.199546289863065,0.552737794816494,intergenic,"","",rs21000154
21-6385220-A-G,21,6385220,A,G,17.3282751697116,31.6679678624496,8.10516977217048,13.0850578309037,26.3841750333086,42.4024127540179,32.6535339350812,15.1891797315329,48.1307153706439,44.3083956604823,31.1440966208465,36.079373199027,24.2779454565607,5.51915677264333,0.0181428480427712,0.935064468532801,intergenic,"","",rs21000155
21-6395755-C-T,21,6395755,C,T,34.9426202825271,22.038058983162,33.2756495918147,25.9036277304404,14.0129138133489,14.5261373603717,1.51553981704637,26.3866657274775,0.511839508544654,8.28857149463147,14.4611872732639,12.1434405213222,9.17278869310394,39.9121453054249,0.452258155914024,0.86838176031597,intergenic,"","",rs21000156
21-6406291-A-G,21,6406291,A,G,47.1871680230834,17.1892145066522,1.30064527038485,10.4840383981355,40.6134490855038,5.403078335803,38.1955657503568,6.92563499324024,15.7249240786769,46.5331174782477,7.21391302067787,6.61115790717304,41.3508805446327,26.2784096412361,0.27216425142251,0.504156954120845,intergenic,"","",rs21000157
21-6416826-C-T,21,6416826,C,T,36.0572377569042,48.638901556842,45.4225546913222,13.2118892390281,12.297899776604,23.149997740984,35.4940212680958,24.2897329851985,18.8961139065214,45.482932170853,28.2531381817535,18.0186299257912,44.9343011598103,35.8520031254739,0.663621275452897,0.0423728134483099,intergenic,"","",rs21000158
21-6427361-A-G,21,6427361,A,G,44.7461396222934,27.1281770663336,17.7612210041843,7.70300083095208,15.7026927219704,33.2259961985983,43.8182719983161,47.9447304736823,46.2396347546019,29.8630896140821,15.6523511279374,6.67121264850721,28.0504385940731,31.9908022042364,0.170279706828296,0.313893751474097,intergenic,"","",rs21000159
21-6437896-C-T,21,6437896,C,T,5.78659428283572,27.7044765069149,12.0963099529035,6.63139744428918,8.70396280661225,29.6071891090833,40.2936412603594,35.6061785365455,25.1867556013167,46.729890734423,1.34672485291958,11.5591137553565,42.3569595557638,9.02232589200139,0.595724664162844,0.940834630979225,intergenic,"","",rs21000160
21-6444919-A-G,21,6444919,A,G,23.9479752373882,32.5758346472867,38.1021018722095,26.8823957885616,13.6913791182451,44.9717063689604,40.4918055282906,4.99288496794179,27.0639934227802,43.5650309431367,32.568133296445,9.19079737504944,14.606024348177,11.0941001772881,0.288421866483986,0.0513045005500317,exonic,stopgain,"",rs21000029
21-6445773-C-T,21,6445773,C,T,23.2428830466233,7.15910921571776,43.1531765381806,1.21359947370365,7.12179414695129,49.6452154475264,20.611915178597,34.8808582755737,39.2505400930531,33.4251889609732,12.6846423721872,48.6412647878751,18.90487492783,8.25987015850842,0.220983723876998,0.453678511548787,exonic,stopgain,"",rs21000030
21-6446628-A-G,21,6446628,A,G,48.0744164786302,44.0857605193742,11.9942543562502,6.24992543598637,26.8311266903766,26.5250577940606,2.84918147372082,6.83917631395161,26.5513731399551,25.6343555287458,18.0786390905269,5.68086198763922,0.727187760639936,24.503986435011,0.359680009074509,0.936927179340273,exonic,stoploss,"",rs21000031
21-6447482-C-T,21,6447482,C,T,16.0699355066754,29.1354914195836,15.8100186381489,47.6927856681868,7.58082915563136,48.6664934083819,48.6728184390813,28.1684156158008,23.4169130213559,42.1947103692219,47.9307596688159,36.6146205924451,40.3245749534108,21.9333842583001,0.104371499270201,0.284421812975779,splicing,"","",rs21000032
21-6448337-A-G,21,6448337,A,G,12.5981209566817,28.0842192238197,21.6281960019842,23.1591768213548,40.684371907264,11.1181557993405,27.3491916013882,10.3234999813139,35.6969887507148,37.6050729537383,19.774415018037,3.28219843795523,33.457232802175,36.6605888213962,0.733911936404184,0.46302339551039,splicing,"","",rs21000033
21-6449191-C-T,21,6449191,C,T,40.4752095462754,7.26120830513537,26.851403596811,28.5037462366745,48.4799466445111,34.560682263691,20.0714725069702,19.430058519356,23.8936497014947,18.0808542529121,27.050752856303,45.8838514517993,3.93030077684671,24.9049168080092,0.388613939052448,0.647069605998695,exonic,nonsynonymous SNV,D,rs21000034
21-6450046-A-G,21,6450046,A,G,44.3548789597116,33.2683036103845,48.9653317490593,13.5626294184476,31.1359828920104,40.4447269160301,14.861692499835,34.6545130596496,18.0198411922902,5.69326970726252,30.9255078318529,31.3930289354175,30.8313458808698,7.47547963634133,0.384191479766741,0.696135793346912,exonic,nonsynonymous SNV,D,rs21000035
21-6450900-C-T,21,6450900,C,T,47.4230491090566,17.3780074575916,18.9550911891274,23.1584977009334,0.716704607475549,2.48162280768156,25.8780638105236,48.675649962388,18.9995229011402,42.2115239896812,40.6958766048774,42.2753499471582,6.1301713809371,28.2916080392897,0.0754052095580846,0.856470679165795,exonic,nonsynonymous SNV,D,rs21000036
21-6451755-A-G,21,6451755,A,G,37.7347829868086,1.53494974365458,49.3830514373258,34.3072324525565,12.8490272560157,27.0240990445018,10.2517837309279,2.83332478720695,49.7091843630187,44.293064950034,1.30437221378088,22.7781860623509,10.2608013781719,27.1898715943098,0.0217976777348667,0.791654221015051,exonic,nonsynonymous SNV,D,rs21000037
21-6452609-C-T,21,6452609,C,T,43.2515129563399,48.3971350127831,37.2929767938331,43.0161855765618,25.3089534584433,3.60738968010992,6.85204834444448,7.64611630002037,5.97153729759157,33.6094518657774,47.4557694862597,23.2508537708782,21.9998967135325,31.2901431880891,0.943266488844529,0.887713117757812,exonic,nonsynonymous SNV,D,rs21000038
21-6453464-A-G,21,6453464,A,G,23.4040164970793,15.4299441957846,42.1991779934615,6.29963647807017,39.5563741330989,41.1323393462226,46.0241932421923,46.0952972178347,38.9014622895047,32.6765217469074,42.2216521576047,17.5751477363519,39.4219375797547,27.6562635228038,0.00731135276146233,0.96344786696136,exonic,nonsynonymous SNV,T,rs21000039
21-6454318-C-T,21,6454318,C,T,29.64859259082,39.8396471398883,26.4186929562129,46.6834834194742,45.9761607227847,27.6170528726652,17.9244847968221,40.7626647502184,18.3391301543452,15.0940416031517,6.36571598006412,45.0651699327864,15.7666861545295,32.2804170288146,0.509784365771338,0.0773948980495334,exonic,nonsynonymous SNV,T,rs21000040
21-6455173-A-G,21,6455173,A,G,30.0943103036843,46.2588624563068,44.1422155243345,15.3004722553305,19.3342403857969,43.9338845084421,27.4477985338308,24.1599511355162,31.7927507916465,19.6743121487089,1.58959940308705,1.63473115535453,35.3471398120746,21.497947704047,0.50191111699678,0.665943227475509,exonic,nonsynonymous SNV,T,rs21000041
21-6456027-C-T,21,6456027,C,T,19.9996421579272,44.7184425662272,31.4921584562399,34.4090397935361,16.284635849297,43.5186776448973,16.306285338942,14.3021912430413,16.0520068136975,35.6555417762138,4.72720609977841,49.1904442431405,49.7397011145949,24.4591297116131,0.916643136879429,0.656441048718989,exonic,nonsynonymous SNV,T,rs21000042
21-6456882-A-G,21,6456882,A,G,25.5377528490499,10.2183789829724,20.0006328406744,2.57838397519663,29.11139781354,21.3325390359387,19.9167942861095,48.4430280397646,25.8104726322927,30.5692993686534,27.7652243617922,21.7551862471737,8.31591659225524,27.4034966528416,0.930186037905514,0.0423744800500572,exonic,synonymous SNV,"",rs21000043
21-6457736-C-T,21,6457736,C,T,40.5008204397745,31.7280213581398,31.1063139000908,43.5105273150839,14.3114842125215,38.5845766635612,23.4092998900451,22.7796612423845,37.9125342937186,14.441457146313,0.716955540701747,3.5010602674447,8.78082847921178,37.4273954890668,0.340216297190636,0.0974914114922285,exonic,synonymous SNV,"",rs21000044
21-6458591-A-G,21,6458591,A,G,12.5633687595837,0.937025574967265,25.2337805111893,16.2615650333464,46.0784350289032,36.4280369249173,24.1847387049347,28.4331171424128,37.2805945691653,5.86045508971438,7.92697611032054,0.202232308220118,3.32434615120292,27.5751594267786,0.664292545989156,0.021775018889457,exonic,synonymous SNV,"",rs21000045
21-6459445-C-T,21,6459445,C,T,45.2296237810515,48.0728094931692,8.79114645067602,3.2412874745205,18.6768610612489,40.0287069147453,17.242970969528,19.2363513517194,44.7386066196486,29.0750884450972,41.0560032003559,7.5618943432346,15.6576498295181,16.6880394890904,0.704920893069357,0.830512474756688,exonic,synonymous SNV,"",rs21000046
21-6460300-A-G,21,6460300,A,G,15.164168458432,35.0511568714865,1.67219134746119,46.1497347219847,41.3301161956042,15.3886598767713,0.439765793271363,1.96887771598995,47.1863628481515,29.6141676721163,22.2874013823457,5.20986904157326,37.5804619630799,18.1903033796698,0.26853890134953,0.61507230787538,exonic,synonymous SNV,"",rs21000047
21-6461154-C-T,21,6461154,C,T,30.8727355557494,26.1125065502711,9.53219583025202,14.7443497902714,1.04319804813713,27.4747932329774,39.5181956235319,2.45328932069242,9.73104500444606,13.7318509747274,42.9921694332734,15.5192598467693,11.2776794238016,22.5784777104855,0.875051893293858,0.0581756341271102,exonic,synonymous SNV,"",rs21000048
21-6462009-A-G,21,6462009,A,G,5.10245164623484,30.1239695516415,17.4567475565709,43.9992087194696,42.2203187132254,11.8181104888208,11.1053571454249,49.1976893739775,6.92933696554974,45.1518549933098,41.0478866426274,25.2692655194551,47.3641119431704,8.93234848976135,0.701415492920205,0.220553911523893,intronic,"","",rs21000049
21-6462863-C-T,21,6462863,C,T,16.1319491686299,6.89501905580983,28.9784995955415,44.9923473643139,4.38731439644471,35.0869950721972,0.631481956224889,13.1145059247501,1.11246386077255,44.9908105074428,2.66346789430827,17.2314643277787,17.8192156599835,20.5334415379912,0.795326168881729,0.381708094151691,intronic,"","",rs21000050
21-6463718-A-G,21,6463718,A,G,15.4501017765142,49.7223456623033,30.6550677283667,30.9502045623958,41.9559066416696,19.181692705024,33.9166790246964,5.76269930461422,37.6687729964033,26.4251541811973,5.37278802366927,0.760403193999082,6.92898976849392,8.07426224462688,0.474418332101777,0.189174230443314,intronic,"","",rs21000051
21-6464572-C-T,21,6464572,C,T,46.3122621527873,15.7011140836403,29.322216345463,31.964119814802,46.7136452323757,5.17705923411995,29.9950477667153,23.7940551247448,46.9136603409424,47.454643342644,13.8641361612827,33.690256124828,22.5069187232293,34.2121725715697,0.678961236262694,0.50280692265369,intronic,"","",rs21000052
21-6465427-A-G,21,6465427,A,G,46.6126565821469,48.077786853537,27.6187508599833,13.6986615485512,45.2905575279146,15.1729198987596,12.6777254510671,38.4118584217504,4.76701707812026,43.1160674779676,20.3524885117076,36.8893009494059,13.2638315088116,14.6925135236233,0.991454375907779,0.467048702994362,intronic,"","",rs21000053
21-6466281-C-T,21,6466281,C,T,25.7000025128946,10.60791866621,8.32020126981661,17.309903842397,38.8587326626293,15.0322588044219,36.9555021985434,33.0157718039118,49.7228819294833,18.8660264248028,25.0316440709867,44.4121144711971,34.7968615358695,4.00544967502356,0.300694860285148,0.718979366356507,upstream,"","",rs21000054
21-6467136-A-G,21,6467136,A,G,30.4353415267542,30.4818894597702,9.53390934737399,35.7482222258113,25.4896260565147,35.5455267592333,26.1258158134297,11.1842737416737,0.617079308722168,3.17072189645842,37.7185844583437,12.7574673853815,17.0487662544474,36.9596401136369,0.451919664628804,0.649181668646634,upstream,"","",rs21000055
21-6467990-C-T,21,6467990,C,T,47.5209324504249,13.9914976200089,2.67111415741965,29.3494674726389,10.8427577768452,26.8735317746177,49.144062504638,18.1216432596557,16.4621594944038,29.0813078987412,4.71282048383728,14.7705712821335,23.9814850036055,3.21598803624511,0.769056216580793,0.771698431810364,upstream,"","",rs21000056
21-6469502-A-G,21,6469502,A,G,43.6545550590381,41.6043977020308,47.9970223619603,34.145199006889,37.8436534083448,33.7662697187625,3.59734502853826,33.7613766547292,1.78300326224417,0.110443402081728,11.073282698635,26.2226066901349,32.6809789054096,20.7979206833988,0.569197897333652,0.790346731198952,intergenic,"","",rs21000161
21-6480037-C-T,21,6480037,C,T,17.9497639881447,18.3268645312637,8.61497862497345,40.2111797477119,36.8251518113539,14.8176635033451,2.41033445345238,1.3734889915213,31.3110371353105,27.3113796371035,31.2998038018122,44.271869037766,40.305950131733,27.9261163342744,0.534483944065869,0.778400973882526,intergenic,"","",rs21000162
21-6484673-A-G,21,6484673,A,G,30.0002762931399,14.6455749403685,29.9759206245653,13.6493597994559,8.31789341755211,11.1890809959732,41.7969890520908,38.506244821474,42.3424420878291,20.1796872541308,37.9583795089275,15.1818477082998,31.6306093125604,8.40549905784428,0.446182780433446,0.738278211792931,exonic,stopgain,"",rs21000057
21-6485211-C-T,21,6485211,C,T,45.9519797703251,43.5372439096682,3.19485778454691,4.96507313800976,35.8642213861458,18.3641061768867,24.785486178007,41.7817155597731,45.4420760972425,2.06339515279979,6.2555629410781,8.84048225125298,26.0026115574874,30.4762700200081,0.829177577514201,0.530645493185148,exonic,stopgain,"",rs21000058
21-6485750-A-G,21,6485750,A,G,46.4048925321549,12.7700506709516,25.6106944871135,48.3662236016244,7.6618886901997,21.3216716772877,40.6853530672379,25.2457643393427,4.89477335941047,22.1118756569922,26.6184173058718,49.2144463816658,28.3254493144341,19.5915968064219,0.632563558639959,0.219145036768168,exonic,stoploss,"",rs21000059
21-6486288-C-T,21,6486288,C,T,40.2238867827691,18.6955832527019,22.8391599026509,47.7498353109695,24.4141082395799,24.6001118212007,16.6382304043509,2.65378658659756,32.7938058529981,11.4574197330512,33.1505663460121,14.9767806986347,6.75502882804722,0.591902630403638,0.71568401507102,0.217794938245788,splicing,"","",rs21000060
21-6486827-A-G,21,6486827,A,G,0.00639561330899596,19.7631228831597,44.8909388389438,24.9928475124761,17.6500035915524,28.396796004381,18.4707623440772,45.3119597048499,25.3061264869757,36.8782936944626,48.3308819239028,8.01543084671721,12.5430893152952,4.26670662127435,0.271499247523025,0.910599088761955,splicing,"","",rs21000061
21-6487365-C-T,21,6487365,C,T,21.1322256247513,45.4165488248691,33.5904852719978,7.01330311130732,11.3018551724963,26.925935188774,33.6318189511076,45.0526963802986,34.1962936450727,0.380211707670242,22.6360656088218,13.050313689746,45.3705911524594,25.3455046564341,0.0738026623148471,0.360922161955386,exonic,nonsynonymous SNV,D,rs21000062
21-6487904-A-G,21,6487904,A,G,15.202552091796,28.9291759720072,29.9728336860426,45.7008436904289,48.1685324106365,6.75250686472282,6.96027172962204,17.0338399009779,33.6361580877565,1.36636141687632,36.2468456965871,26.4805997605436,6.14619429688901,13.7645715102553,0.790221428731456,0.965047822333872,exonic,nonsynonymous SNV,D,rs21000063
21-6488442-C-T,21,6488442,C,T,23.1198952533305,1.97654449148104,20.2677985653281,3.79114337265492,9.69707437325269,13.3577155647799,38.3224740857258,25.711623521056,27.5555829517543,35.67813023692,34.7831192775629,47.5529215065762,41.4568269741721,13.0933175422251,0.688335296232253,0.802612021565437,exonic,nonsynonymous SNV,D,rs21000064
21-6488981-A-G,21,6488981,A,G,4.8774249968119,49.5841333991848,26.0204859427176,15.4310775455087,18.2059555780143,18.8303219270892,25.0775123480707,5.16631654463708,47.1461706561968,20.9476099349558,33.2068700226955,34.3682909966446,17.980590602383,35.979758054018,0.338719569612294,0.0776881843339652,exonic,nonsynonymous SNV,D,rs21000065
21-6489519-C-T,21,6489519,C,T,11.7674031760544,47.9737994377501,16.0587578313425,40.9128819126636,47.6274131098762,15.6034216284752,29.1805447079241,28.955300396774,46.0064690909348,42.9115321603604,35.0790557684377,47.4854364525527,19.6393690886907,17.0206190925092,0.176053698174655,0.196277091279626,exonic,nonsynonymous SNV,D,rs21000066
21-6490057-A-G,21,6490057,A,G,41.9061915948987,23.6099818604998,39.7511906106956,29.736502841115,14.5744676585309,45.4088269965723,17.6986406906508,41.7626104550436,45.5521575757302,34.6975743537769,21.7045489349402,36.0267831943929,16.1368551314808,0.351333972066641,0.306295091751963,0.591035683406517,exonic,nonsynonymous SNV,T,rs21000067
21-6490596-C-T,21,6490596,C,T,21.5466056019068,16.2973415921442,20.478576712776,6.93346912739798,18.7659934163094,14.7704826085828,22.2537213470787,16.9360421830788,31.9927665870637,8.65380205214024,48.1462494819425,21.0309064947069,15.9711835556664,39.0472634602338,0.447542367270216,0.595124177169055,exonic,nonsynonymous SNV,T,rs21000068
21-6491134-A-G,21,6491134,A,G,24.9533575261012,4.35858929995447,15.9160084556788,33.2934515434317,12.9903347697109,23.4125931165181,38.9789893641137,39.2010480398312,19.1162930685096,46.892200387083,30.2993844728917,20.5138050601818,23.8585820770822,6.57932380214334,0.476295219967142,0.340275645954534,exonic,nonsynonymous SNV,T,rs21000069
21-6491673-C-T,21,6491673,C,T,4.02537784539163,44.3306093337014,21.3688377756625,41.0489486996084,41.4047624450177,29.8215847229585,48.56537503656,32.2299545747228,22.1772367833182,17.2728559467942,21.0158092319034,19.8093553539366,11.4733971771784,29.8127401992679,0.506040728185326,0.105242684949189,exonic,nonsynonymous SNV,T,rs21000070
21-6492211-A-G,21,6492211,A,G,37.7905422239564,7.39333673845977,48.8796920632012,15.4313773382455,41.7441972880624,37.0012790663168,25.8795247413218,18.3979027671739,11.8363066809252,20.3250899445266,36.4326588343829,7.47648066608235,19.7740312665701,9.45170545950532,0.99998069414869,0.958174886647612,exonic,synonymous SNV,"",rs21000071
21-6492750-C-T,21,6492750,C,T,24.5410336414352,45.6299424753524,47.6299889967777,8.06600202340633,9.37602334888652,9.43274502642453,48.9474051864818,25.592146627605,39.9322467274033,2.19294767593965,0.884891988243908,49.0037118899636,39.5126232760958,17.0789674576372,0.392255175393075,0.261801077751443,exonic,synonymous SNV,"",rs21000072
21-6493288-A-G,21,6493288,A,G,21.7369759920985,24.7142147622071,14.2898741876706,33.2765743834898,36.0240018344484,27.3773085791618,2.7938419370912,24.2657097871415,19.3854089942761,14.0203564311378,49.9336489127018,1.07063482282683,29.7490499913692,9.60425155237317,0.842988180462271,0.197747375583276,exonic,synonymous SNV,"",rs21000073
21-6493827-C-T,21,6493827,C,T,39.6780307521112,42.1057073283009,29.0088859386742,20.2476760838181,45.5098545644432,5.91882772278041,34.0431299526244,3.79185649799183,5.74179231189191,21.6950308182277,28.897830110509,20.612576790154,44.8332158965059,8.6751941870898,0.158510912209749,0.0265138205140829,exonic,synonymous SNV,"",rs21000074
21-6494365-A-G,21,6494365,A,G,13.1347241811454,44.9063572334126,14.9540807236917,13.4280371712521,8.92248013988137,13.6054414557293,18.3469948242418,49.2325647850521,19.1825982416049,9.7786326543428,11.4186198799871,10.0773186422884,17.8555132239126,15.4939838685095,0.910876457113773,0.121586860157549,exonic,synonymous SNV,"",rs21000075
21-6494903-C-T,21,6494903,C,T,29.9504933296703,37.0419190847315,39.1069255769253,31.5897966502234,41.0216504591517,3.50558372447267,1.82224282762036,39.3521063029766,45.8205056493171,25.240186881274,4.76016699103639,2.48598138568923,8.30392342759296,1.30938269197941,0.604618845973164,0.870266601443291,exonic,synonymous SNV,"",rs21000076
21-6495442-A-G,21,6495442,A,G,20.1284279348329,8.50968232844025,0.765110948123038,6.99349186616018,19.6322233183309,27.839198813308,47.4733527633362,7.81887607881799,13.4861263213679,31.4691808540374,31.335052952636,35.3941077482887,44.7341099847108,27.9496150743216,0.165001472923905,0.147436670493335,intronic,"","",rs21000077
21-6495980-C-T,21,6495980,C,T,22.2882214118727,2.70331663778052,28.8159335264936,33.0336899962276,46.3530553737655,21.5430209413171,13.2758810766973,19.8564759688452,4.72395194228739,23.112121457234,27.311437157914,6.38947880361229,2.20887656323612,13.1712802965194,0.803638041717932,0.0533334980718792,intronic,"","",rs21000078
21-6496519-A-G,21,6496519,A,G,18.9410115825012,26.1837273603305,5.63644238281995,38.2783383131027,20.3977478086017,28.9236085955054,7.91441370965913,33.271436963696,17.6858806866221,38.319567439612,22.4130303482525,26.494035043288,14.1095229540952,20.4209962487221,0.20341568836011,0.93422802654095,intronic,"","",rs21000079
21-6497057-C-T,21,6497057,C,T,46.7759676976129,17.3773342045024,19.069260195829,1.65392181370407,28.9665226242505,35.9606869402342,20.8641655743122,22.2316744038835,34.3077746918425,20.2319662086666,14.177387941163,0.472992553841323,41.2386977812275,1.04829723015428,0.161752107553184,0.341015260433778,intronic,"","",rs21000080
21-6497596-A-G,21,6497596,A,G,28.3873429521918,1.58887940924615,45.6436022184789,28.3209450193681,26.3304880587384,1.5534091508016,25.3242378938012,31.6136586479843,15.9687694744207,44.9975763331167,31.4900065306574,6.00306051783264,21.8029683455825,32.8404611721635,0.744258338585496,0.88997163833119,intronic,"","",rs21000081
21-6498134-C-T,21,6498134,C,T,27.8888014261611,40.2506853104569,40.0756413466297,17.9876511683688,12.3078932054341,32.0584564469755,48.5039096907713,39.143082650844,22.8736183256842,33.0625441856682,11.345227912534,40.2398246456869,26.079874066636,17.5157282501459,0.00387359200976789,0.17295061214827,upstream,"","",rs21000082
21-6498673-A-G,21,6498673,A,G,9.77214763406664,36.2127246218734,47.6721849991009,34.7395903430879,30.3718109265901,28.5162409651093,43.1990555021912,39.1270098974928,36.0954213887453,10.9801064594649,10.2258188882843,44.0076110418886,33.6584881297313,31.815518187359,0.739731706213206,0.342362991301343,upstream,"","",rs21000083
21-6499211-C-T,21,6499211,C,T,34.8585469997488,45.9575238637626,25.3986931173131,37.3670591739938,22.4694182979874,18.3763640001416,0.49603934166953,47.583864745684,49.2801888496615,22.8474340052344,36.0423395875841,14.610907365568,7.7087115496397,16.845572963357,0.837147324811667,0.186873020138592,upstream,"","",rs21000084
21-6501108-A-G,21,6501108,A,G,6.94527954328805,7.03667165944353,48.7251980812289,6.96053096326068,17.9262671736069,48.1858361279592,38.0547357839532,13.6678406270221,43.8535509048961,23.4744143206626,20.305828761775,49.790373176802,35.9608247643337,11.4801234658808,0.414481796324253,0.523052864242345,intergenic,"","",rs21000163
21-6511643-C-T,21,6511643,C,T,31.395487964619,48.4666221775115,29.1759310988709,21.5490208473057,18.8000074471347,29.6248186496086,41.5672920295037,16.5210928185843,5.73003416648135,0.0252439640462399,44.6424242691137,14.6772857289761,0.553744216449559,17.4157743249089,0.182036834768951,0.736582001904026,intergenic,"","",rs21000164
21-6522178-A-G,21,6522178,A,G,48.3506409567781,34.2128485906869,41.9577474473044,47.9412006563507,45.0642598676495,12.6327292178758,40.2530844788998,4.33006226085126,44.1747073433362,8.15676713827997,34.7889196593314,15.5800049076788,23.9947890164331,33.1020345631987,0.509641779586673,0.689542026724666,intergenic,"","",rs21000165
21-6532714-C-T,21,6532714,C,T,3.57434366596863,1.03321445640177,29.5901640201919,39.4073142437264,5.35082303686068,3.08650218648836,5.91532540274784,12.3833318473771,6.13684555282816,42.4683416611515,28.8789177546278,24.2006220272742,5.19495480693877,3.57989941723645,0.307739382144064,0.453718620119616,intergenic,"","",rs21000166
21-6543249-A-G,21,6543249,A,G,44.3340896978043,16.059313272126,12.1212695725262,46.4016738347709,48.9259284222499,19.4072827114724,44.7181253577583,21.5993788442574,49.1141263511963,24.4553391123191,7.53991280216724,47.4584106472321,22.7238443680108,30.9197550080717,0.615614559967071,0.248793580569327,intergenic,"","",rs21000167
21-6553784-C-T,21,6553784,C,T,49.9277963419445,20.3964741784148,6.0658507514745,23.7107714288868,3.38665327290073,14.7337726433761,38.4631158318371,0.286072224844247,30.5819624220021,39.7534408955835,45.1218783622608,25.6451706402004,8.95303410943598,9.71888749860227,0.353574929526076,0.515811777208,intergenic,"","",rs21000168
21-6560764-A-G,21,6560764,A,G,17.841344862245,36.2608406343497,27.1600346663035,31.3815706991591,39.3099415930919,22.5674602435902,30.3470502840355,34.1619395767339,30.4705263348296,36.9306360371411,31.3244859105907,26.8857496557757,16.4531868533231,18.5280902776867,0.0803901327308267,0.287245174171403,exonic,stopgain,"",rs21000085
21-6560900-C-T,21,6560900,C,T,21.7507951776497,43.4820168069564,33.5886941058561,25.4967571119778,2.57918931310996,19.858885393478,14.6337073063478,47.7699267445132,33.494299184531,8.82155996514484,15.7185047981329,16.2263013189659,7.53136227140203,26.3806177210063,0.175317545654252,0.587431674357504,exonic,stopgain,"",rs21000086
21-6561036-A-G,21,6561036,A,G,4.47964852210134,35.4449933976866,27.3427574895322,44.1726465360262,1.39563167467713,30.1117732771672,46.7242652899586,4.79682188015431,0.820171006489545,9.34904570458457,29.5070011517964,34.0881820884533,47.1022769110277,6.53208660893142,0.592051164247096,0.634499200852588,exonic,stoploss,"",rs21000087
21-6561172-C-T,21,6561172,C,T,20.1242509530857,34.4662191928364,44.2585173295811,12.4958712491207,30.938610364683,10.7487184694037,33.5005180677399,0.247517682146281,8.71457071043551,7.98811238491908,47.8031299542636,0.686657452024519,28.8926452980377,4.1463094111532,0.832399746170268,0.911596059566364,splicing,"","",rs21000088
21-6561308-A-G,21,6561308,A,G,29.6842598705553,2.60351322358474,17.9771644645371,38.6873715557158,12.2960986336693,32.2752169566229,49.4493523379788,1.01193927694112,11.5111742750742,9.59918331354856,20.7231162814423,45.1195914647542,4.86710391705856,4.26727495156229,0.770372806116939,0.191631117137149,splicing,"","",rs21000089
21-6561445-C-T,21,6561445,C,T,21.2547778035514,46.7262709746137,9.78066268144175,29.2691614478827,48.9963005762547,37.3170543112792,41.772339772433,29.1226395289414,9.86766004934907,19.7395805851556,13.1331723649055,36.6336778621189,39.8745186743327,28.3341098017991,0.0114049790427089,0.414346704259515,exonic,nonsynonymous SNV,D,rs21000090
21-6561581-A-G,21,6561581,A,G,9.18653954286128,46.0860294522718,2.31113154441118,16.0086358198896,42.8269162657671,11.9973484543152,23.4347281046212,47.8827854036354,30.9752439963631,15.220995049458,1.54292507795617,43.2639003149234,25.5623511737213,29.8624062910676,0.152876691194251,0.997410560026765,exonic,nonsynonymous SNV,D,rs21000091
21-6561717-C-T,21,6561717,C,T,31.6401311196387,21.7188595677726,34.5630069146864,4.86757098697126,45.8325084997341,47.9974258108996,3.44459114130586,32.551365008112,13.3147400105372,12.9056355683133,8.83541130460799,24.2784904316068,18.6295234248973,22.2277413960546,0.529727222630754,0.326107471017167,exonic,nonsynonymous SNV,D,rs21000092
21-6561853-A-G,21,6561853,A,G,42.5305060110986,45.976611378137,45.413352700416,27.1215163054876,11.8342268746346,19.2199593293481,36.6375308367424,47.9091664077714,18.9032180001959,45.2048485516571,1.57187290024012,14.0649701352231,19.1953064175323,4.77290546521545,0.124874078668654,0.129506990080699,exonic,nonsynonymous SNV,D,rs21000093
21-6561989-C-T,21,6561989,C,T,14.7014779737219,16.5323916357011,39.3862297642045,24.8213325510733,26.6898540314287,15.5584817752242,47.9882972780615,0.391123944427818,25.3663315554149,32.997483573854,22.3023877246305,31.0944115859456,46.1237603216432,29.2984282877296,0.786698942538351,0.712284804554656,exonic,nonsynonymous SNV,D,rs21000094
21-6562125-A-G,21,6562125,A,G,7.60340406559408,30.6050882791169,3.41756016714498,43.0699554737657,40.0956754107028,31.2121177790687,41.8772778706625,48.1755114742555,3.27772705350071,42.5788172520697,2.46190427569672,2.83860878553242,36.3317852490582,15.6317149102688,0.679177284473553,0.189111093292013,exonic,nonsynonymous SNV,T,rs21000095
21-6562261-C-T,21,6562261,C,T,48.8991668913513,22.9602691601031,22.4093082477339,8.89970124699175,45.8163848263212,3.54677182622254,33.9814624399878,33.2895719213411,47.0916344434954,43.8436204334721,25.1296911737882,45.1444085803814,13.1972425268032,22.3500946350396,0.844612331362441,0.0775794095825404,exonic,nonsynonymous SNV,T,rs21000096
21-6562397-A-G,21,6562397,A,G,26.0123755317181,39.9693451705389,46.9296412309632,42.5305976648815,43.7621816410683,49.1091454168782,8.02181619219482,0.688069174066186,12.1865509077907,32.9052141169086,1.14095308817923,35.6225658324547,19.3732248386368,37.7268635202199,0.513605926185846,0.764819216215983,exonic,nonsynonymous SNV,T,rs21000097
21-6562533-C-T,21,6562533,C,T,2.62950477190316,22.3701502312906,36.3066020654514,12.94615205843,34.5186515827663,15.5287472414784,26.469433947932,11.8426528642885,6.34819037513807,16.3438791059889,34.2434257268906,5.13011560542509,39.5237365970388,16.4579993952066,0.567147001158446,0.587593448814005,exonic,nonsynonymous SNV,T,rs21000098
21-6562670-A-G,21,6562670,A,G,30.5203590658493,12.9444243269973,21.0119556169957,21.6517964145169,34.3860426452011,48.045297851786,33.5397469461896,7.86522353300825,46.1593805812299,13.3221904048696,41.424285096582,11.7352071683854,22.6114774704911,2.47685109265149,0.131347300717607,0.590951455757022,exonic,synonymous SNV,"",rs21000099
21-6562806-C-T,21,6562806,C,T,23.7397779361345,46.1232970585115,25.4082178813405,13.18828741787,33.8959321146831,27.1195970242843,3.05511589394882,49.5116175734438,21.4096697629429,40.7415933324955,13.350065657869,7.80083872377873,15.9514040802605,38.5431478731334,0.174804641632363,0.330473652109504,exonic,synonymous SNV,"",rs21000100
21-6562942-A-G,21,6562942,A,G,49.128983123228,34.1612547170371,4.26834591198713,13.6636347509921,29.339933488518,16.2447330192663,1.95468327729031,22.0160952885635,40.066996391397,44.5061004254967,47.745050478261,0.346767867449671,6.10407192725688,36.0465530585498,0.642056389944628,0.871278190519661,exonic,synonymous SNV,"",rs21000101
21-6563078-C-T,21,6563078,C,T,21.9894711044617,11.5403234609403,49.322826624848,2.89950977312401,16.5245813899674,0.797022157348692,19.1022616927512,15.6733212526888,15.6636135652661,26.1179059161805,32.4192106025293,48.8560681813397,9.02100915554911,11.1699641961604,0.465781921986491,0.894666646141559,exonic,synonymous SNV,"",rs21000102
21-6563214-A-G,21,6563214,A,G,25.9484859183431,38.3412589901127,19.7138202027418,25.2408628701232,45.7248884718865,26.2892725178972,40.1597898919135,18.3633686974645,0.75983393471688,32.7956654713489,38.6306252563372,21.3539435877465,11.7754487902857,13.8583724666387,0.878600492142141,0.9220798490569,exonic,synonymous SNV,"",rs21000103
21-6563350-C-T,21,6563350,C,T,14.1169016016647,41.2985528353602,10.314863093663,6.09668807592243,46.1951883859001,12.7414385788143,49.1313820821233,26.4365294598974,19.8755884310231,4.02106151450425,13.2627415470779,23.4307781443931,40.3033149894327,22.5899266917259,0.264708524337038,0.3746248469688,exonic,synonymous SNV,"",rs21000104
21-6563486-A-G,21,6563486,A,G,7.36254570074379,49.8923350707628,44.6440361905843,44.7136753238738,45.0402244227007,46.1309505393729,39.5366692566313,11.5956506808288,38.2812498486601,27.7086387854069,27.1293526981026,46.2468011653982,16.5784202399664,34.8150887247175,0.86975232930854,0.815118335187435,intronic,"","",rs21000105
21-6563622-C-T,21,6563622,C,T,7.1426801616326,47.6773336878978,13.8268580893055,48.5230016405694,26.0539239621721,46.8953236471862,14.7490937029943,32.5860649580136,28.7578782648779,30.8208282920532,44.2430324619636,37.0865264907479,21.2118477327749,21.1678921803832,0.215345232747495,0.469497265992686,intronic,"","",rs21000106
21-6563758-A-G,21,6563758,A,G,45.9537975490093,0.417240464594215,6.1804571421817,33.4414651268162,2.56673126714304,1.97265233146027,38.3159654564224,37.8818149678409,6.21946044266224,38.6181756504811,2.59744973154739,37.5783584080637,34.5914802863263,38.5405856370926,0.195649053668603,0.0396679383702576,intronic,"","",rs21000107
21-6563895-C-T,21,6563895,C,T,48.6571640591137,6.12380118109286,34.9668233189732,31.8909305031411,21.0285799810663,16.9613721896894,24.3744005216286,35.1803239667788,0.173520052339882,16.663770203013,30.5283911759034,6.91090218024328,22.1683177631348,5.47884300351143,0.161316556157544,0.993322906084359,intronic,"","",rs21000108
21-6564031-A-G,21,6564031,A,G,40.893629391212,11.3400100381114,39.2113226815127,23.3576299855486,14.7942854324356,1.06789845740423,24.6803363552317,47.3142564413138,36.6165783139877,37.4242395628244,38.3863612194546,25.7497184094973,5.07925297133625,20.8175453916192,0.185156026156619,0.214181205723435,intronic,"","",rs21000109
21-6564167-C-T,21,6564167,C,T,35.5230742599815,39.1875413712114,14.8621144820936,10.6690159766003,32.5778128346428,37.3949637636542,9.6276483964175,31.8088270141743,44.9926519184373,34.8297521006316,13.1412757560611,22.2856879350729,26.7913002171554,22.1731112431735,0.871947286184877,0.452179417712614,upstream,"","",rs21000110
21-6564303-A-G,21,6564303,A,G,46.3646831689403,22.7127163903788,14.4792184350081,31.2266996828839,42.110314918682,22.6489454973489,2.27428489597514,36.3177341176197,31.1370774870738,19.8556538322009,49.0189015981741,4.4971561874263,31.6727343597449,39.4651574175805,0.933957362314686,0.592110525816679,upstream,"","",rs21000111
21-6564439-C-T,21,6564439,C,T,3.3128694514744,26.438017305918,25.2459622453898,48.7933384254575,22.2216932452284,44.6184967760928,4.30037567857653,48.1205894146115,46.9305928447284,20.504642277956,3.98877074476331,30.2573658409528,19.6905210847035,5.63691277988255,0.926448542391881,0.57189848087728,upstream,"","",rs21000112
21-6574855-A-G,21,6574855,A,G,27.8449045727029,46.3632711092942,23.6866781488061,9.90372824016958,46.364099800121,30.2717461716384,41.1276753759012,32.9734550672583,46.0522277629934,8.54391684988514,31.5002478891984,29.7234453842975,48.8242198131047,31.1410908121616,0.350689021172002,0.441198104759678,intergenic,"","",rs21000169
21-6585390-C-T,21,6585390,C,T,25.8317177183926,6.71185768442228,14.5086927688681,2.90314324665815,49.8939784127288,37.8591913497075,33.2683486165479,45.1565189752728,6.82644681073725,47.6660886779428,12.5256243627518,34.1258727479726,5.76157089089975,2.79059075750411,0.819980115396902,0.913401884259656,intergenic,"","",rs21000170
21-6595925-A-G,21,6595925,A,G,48.71220322093,27.7926409966312,6.74962024204433,30.3704919177108,35.7717170263641,42.5339960027486,46.7243787134066,19.7904611122794,47.3966541816481,35.0614948663861,48.3875206671655,14.1907444573008,0.943035143427551,13.7080818042159,0.324818398803473,0.962128325132653,intergenic,"","",rs21000171
21-6606460-C-T,21,6606460,C,T,45.2770339674316,32.77923631249,49.1333357873373,17.056965874508,27.1500695031136,49.7549310442992,19.3313058931381,19.0549701685086,31.8680169060826,27.7575392974541,5.25651013012976,31.9740871782415,1.02382169570774,6.81820005178452,0.243271207902581,0.382368219317868,intergenic,"","",rs21000172
21-6616996-A-G,21,6616996,A,G,23.3165374025703,3.03829394979402,23.6761043197475,1.21147150639445,35.1574938045815,2.7272455394268,15.3177745291032,45.6039978074841,11.9445142103359,14.9273032089695,37.0488354354166,26.0571656166576,14.2314331140369,32.7929920423776,0.705035686725751,0.0911702027078718,intergenic,"","",rs21000173
21-6627531-C-T,21,6627531,C,T,31.9425604189746,2.29832432232797,21.5346790151671,36.7064145975746,46.0959595278837,21.0036810254678,41.8561812839471,8.63008687738329,46.5195421478711,11.5865060710348,33.8372619706206,24.3738136719912,36.1381627852097,26.4712999202311,0.615805448498577,0.597733698552474,intergenic,"","",rs21000174
21-6638066-A-G,21,6638066,A,G,22.0230880076997,32.1023281780072,20.7207075320184,34.5902940491214,31.1238562804647,29.7177486820146,30.937248992268,11.4663068554364,10.220410337206,15.4843447147869,33.7945168837905,29.2293236125261,3.36428771261126,8.47104504704475,0.321974970400333,0.149891807697713,intergenic,"","",rs21000175
21-6648601-C-T,21,6648601,C,T,45.7066673086956,2.06562064122409,18.3152965386398,7.9506688634865,29.7106734476984,32.7984970528632,47.1347514307126,5.37657231325284,45.327699626796,7.71340362261981,30.1997848320752,45.7355575636029,38.7102540698834,32.3336993250996,0.746359318960458,0.0237919664941728,intergenic,"","",rs21000176
21-6659137-A-G,21,6659137,A,G,37.9975102259778,12.5077970325947,34.8203499685042,7.77810973813757,41.9277566834353,2.72678476758301,27.4130014586262,31.3182611600496,37.750214652624,10.3739137761295,33.296999137383,20.4948263824917,41.6030781692825,34.4049909152091,0.581266040448099,0.949611559975892,intergenic,"","",rs21000177
21-6669672-C-T,21,6669672,C,T,8.30908741336316,47.7487828116864,22.6674790261313,9.75936907343566,8.25810604728758,44.8797981254756,28.4355136798695,8.37179834488779,10.3732999414206,15.3162961709313,26.9831179874018,32.607980852481,2.21990874269977,16.3241533469409,0.840138584142551,0.665506676072255,intergenic,"","",rs21000178
21-6680207-A-G,21,6680207,A,G,12.0923596085049,4.87516323337331,11.1241937265731,38.1945780594833,23.3649526024237,28.7755101802759,20.0049852370285,41.239382897038,8.92470655962825,44.5606115506962,0.368834228720516,48.6590372514911,28.6873669363558,6.13967119716108,0.177089869277552,0.466742912074551,intergenic,"","",rs21000179
21-6690742-C-T,21,6690742,C,T,41.9119532220066,35.2251621894538,2.22655378747731,26.3222978916019,27.5569125893526,49.7083728667349,49.6526919305325,42.2328481101431,14.7169997449964,7.56073008524254,41.6746927658096,39.1426958027296,14.2842723987997,26.9082245975733,0.929016723530367,0.0771473324857652,intergenic,"","",rs21000180
21-6701278-A-G,21,6701278,A,G,15.734987880569,21.9649437814951,10.8906236826442,40.8159426879138,46.06992774643,20.2320238226093,0.911169103346765,48.7698567798361,33.3678564289585,38.4476531413384,39.7462509339675,30.576431658119,46.5593479224481,6.61018174141645,0.745711129158735,0.0374765042215586,intergenic,"","",rs21000181
21-6711813-C-T,21,6711813,C,T,40.3500766376965,0.675804482307285,3.42387369601056,44.8057160596363,34.0210230671801,47.8236013674177,0.0902537256479263,8.52091496344656,13.2309676730074,15.2801137184724,10.6571177369915,22.4853944731876,30.3468706086278,7.65022241510451,0.571344619849697,0.0696556745097041,intergenic,"","",rs21000182
21-6722348-A-G,21,6722348,A,G,20.90489261318,31.097800063435,17.7722984575666,41.96266195504,4.19151876121759,35.8259382424876,31.4457409549505,25.8295215200633,36.0572313889861,21.9106122851372,32.7496989280917,13.9722007676028,33.6703664972447,20.284831719473,0.342263851314783,0.946422585519031,intergenic,"","",rs21000183
21-6732883-C-T,21,6732883,C,T,2.93694417923689,47.6185463019647,15.4796677757986,25.029417022597,12.6820574863814,15.158022637479,33.8596282410435,43.8750482164323,24.0153962629847,19.6146922884509,36.5486793918535,38.6717765941285,37.5272839912213,38.6479895561934,0.498064300743863,0.638445055112243,intergenic,"","",rs21000184
21-6743419-A-G,21,6743419,A,G,6.33533310610801,10.9608732629567,26.8987589282915,11.7049815831706,18.8889428973198,39.0766300959513,42.7070330712013,12.8573584137484,27.1204674150795,37.687159422785,19.8415165883489,39.2144539044239,47.8369058691897,36.3724081311375,0.772883062018082,0.215102727059275,intergenic,"","",rs21000185
21-6753954-C-T,21,6753954,C,T,7.31423469260335,36.0378119628876,7.80207050265744,9.13943988271058,24.9135192367248,38.5456391260959,22.5866597727872,36.4219372859225,14.3158911145292,11.9755053892732,29.669750505127,42.1891007688828,7.16985178878531,4.88372217863798,0.961721770931035,0.00534144998528063,intergenic,"","",rs21000186
